Denomination,Secondary Denomination,Standard,Version of Standard,Commodity or Service,Material,Start_date,End_date,Region,Location,Weight in grams,Value in grams of silver,Pleiades Lat/Long,pixels x,pixels y,percent of image x,percent of image y,Pleiades ID,Nomisma (mint),Nomisma (denomination),"Nomisma (denomination, same as)",Nomisma (material),fiduciary (Y/N),alternative names,notes,coin examples,citations,sources
Abderan Octadrachm,,Abderan Standard,Abderan Standard (Abdera) 550 BC–450 BC,,Silver,550 BC,500 BC,Greece/The Aegean,Abdera,29.8,29.8,"40.93950935, 24.9795992",1028,800,0.4674852206,0.5394470668,https://pleiades.stoa.org/places/501323,http://nomisma.org/id/abdera_thrace,http://nomisma.org/id/octadrachm,,http://nomisma.org/id/ar,N,,,http://numismatics.org/collection/1958.29.2,"Kraay 1976, 152",5
Abderan Tetradrachm,,Abderan Standard,Abderan Standard (Abdera) 550 BC–450 BC,,Silver,550 BC,450 BC,Greece/The Aegean,Abdera,14.9,14.9,"40.93950935, 24.9795992",1028,800,0.4674852206,0.5394470668,https://pleiades.stoa.org/places/501323,http://nomisma.org/id/abdera_thrace,http://nomisma.org/id/tetradrachm,,http://nomisma.org/id/ar,N,,,http://numismatics.org/collection/1944.100.15420,"Kraay 1976, 153",5
Abderan Tetradrachm,,Abderan Standard,Abderan Standard (Abdera) 425–400 BC,,Silver,425 BC,400 BC,Greece/The Aegean,Abdera,13.95,13.95,"40.93950935, 24.9795992",1028,800,0.4674852206,0.5394470668,https://pleiades.stoa.org/places/501323,http://nomisma.org/id/abdera_thrace,,,http://nomisma.org/id/ar,N,,,http://numismatics.org/collection/1944.100.15425,"Kraay 1976, 154",5
Aeginetan Obol,,Aeginetan Standard,Aeginetan Standard (Aegina) 600 BC–300 BC,,Silver,600 BC,300 BC,Greece/The Aegean,Aegina,1.04,1.04,"37.7409397, 23.430141",986,916,0.4483856298,0.6176668914,https://pleiades.stoa.org/places/579844,http://nomisma.org/id/aegina_aegina,http://nomisma.org/id/obol,,http://nomisma.org/id/ar,N,,"Pollux cites Aristotle's Constitution of the Akragantines, in which he says that the Aeginetan obol is equivalent to Sicilian litra",http://numismatics.org/collection/1944.100.25224,Kroll 2001,3
Aeginetan Drachm,,Aeginetan Standard,Aeginetan Standard (Aegina) 600 BC–300 BC,,Silver,600 BC,300 BC,Greece/The Aegean,Aegina,6.23,6.23,"37.7409397, 23.430141",986,916,0.4483856298,0.6176668914,https://pleiades.stoa.org/places/579844,http://nomisma.org/id/aegina_aegina,http://nomisma.org/id/drachma,,http://nomisma.org/id/ar,N,,"An inscription from Delphi (CID II, 4 (FD III, 5, 3) gives, for example, 10 Attic drachms (43.5 grams) as equivalent to 7 Aeginetan drachms  (43.61 grams), giving an error of less than 0.25%.",http://numismatics.org/collection/1944.100.25243,"Kroll 2001; Melville Jones 1993; CID II, 4 (FD III, 5, 3)","3,4"
Aeginetan Stater,Aeginetan Didrachm,Aeginetan Standard,Aeginetan Standard (Aegina) 600 BC–300 BC,,Silver,600 BC,300 BC,Greece/The Aegean,Aegina,12.46,12.46,"37.7409397, 23.430141",986,916,0.4483856298,0.6176668914,https://pleiades.stoa.org/places/579844,http://nomisma.org/id/aegina_aegina,http://nomisma.org/id/stater,http://nomisma.org/id/didrachm,http://nomisma.org/id/ar,N,,,http://numismatics.org/collection/1944.100.25206,Kroll 2001,3
Aeginetan Mina,,Aeginetan Standard,Aeginetan Standard (Aegina) 600 BC–300 BC,,Silver,600 BC,300 BC,Greece/The Aegean,Aegina,623.7,623.7,"37.7409397, 23.430141",986,916,0.4483856298,0.6176668914,https://pleiades.stoa.org/places/579844,http://nomisma.org/id/aegina_aegina,,,http://nomisma.org/id/ar,N,,,,"Oleson 1998, 764",10
Aeginetan Talent,,Aeginetan Standard,Aeginetan Standard (Aegina) 600 BC–300 BC,,Silver,600 BC,300 BC,Greece/The Aegean,Aegina,"37,380","37,380","37.7409397, 23.430141",986,916,0.4483856298,0.6176668914,https://pleiades.stoa.org/places/579844,http://nomisma.org/id/aegina_aegina,,,http://nomisma.org/id/ar,N,,,,Gardner 1918,11
Euboic-Attic Tetartemorion,Euboic-Attic Quarter-Obol,Euboic-Attic Standard,Euboic-Attic Standard (Athens) 525–300 BC,,Silver,525 BC,300 BC,Greece/The Aegean,Athens,0.18,0.18,"37.9728191495, 23.7237438519",993,907,0.451568895,0.6115981119,https://pleiades.stoa.org/places/579885,http://nomisma.org/id/athens,http://nomisma.org/id/quarter-obol,,http://nomisma.org/id/ar,N,,,http://numismatics.org/collection/1944.100.24382,Van Alfen 2015,2
Euboic-Attic Hemiobol,Euboic-Attic Half-Obol,Euboic-Attic Standard,Euboic-Attic Standard (Athens) 525–300 BC,,Silver,525 BC,300 BC,Greece/The Aegean,Athens,0.36,0.36,"37.9728191495, 23.7237438519",993,907,0.451568895,0.6115981119,https://pleiades.stoa.org/places/579885,http://nomisma.org/id/athens,http://nomisma.org/id/hemiobol,,http://nomisma.org/id/ar,N,,,http://numismatics.org/collection/1968.34.61,Van Alfen 2015,2
Euboic-Attic Obol,,Euboic-Attic Standard,Euboic-Attic Standard (Athens) 525–300 BC,,Silver,525 BC,300 BC,Greece/The Aegean,Athens,0.72,0.72,"37.9728191495, 23.7237438519",993,907,0.451568895,0.6115981119,https://pleiades.stoa.org/places/579885,http://nomisma.org/id/athens,http://nomisma.org/id/obol,,http://nomisma.org/id/ar,N,,,http://numismatics.org/collection/1909.999.57,Kroll 2001,3
Euboic-Attic Drachm,,Euboic-Attic Standard,Euboic-Attic Standard (Athens) 525–300 BC,,Silver,525 BC,300 BC,Greece/The Aegean,Athens,4.35,4.35,"37.9728191495, 23.7237438519",993,907,0.451568895,0.6115981119,https://pleiades.stoa.org/places/579885,http://nomisma.org/id/athens,http://nomisma.org/id/drachma,,http://nomisma.org/id/ar,N,,"An inscription from Delphi (CID II, 4 (FD III, 5, 3) gives, for example, 10 Attic drachms (43.5 grams) as equivalent to 7 Aeginetan drachms  (43.61 grams), giving an error of less than 0.25%.",https://www.harvardartmuseums.org/art/170874,"Kroll 2019; Melville Jones 1993; CID II, 4 (FD III, 5, 3)","3,4"
Euboic-Attic Didrachm,,Euboic-Attic Standard,Euboic-Attic Standard (Athens) 525–300 BC,,Silver,525 BC,300 BC,Greece/The Aegean,Athens,8.7,8.7,"37.9728191495, 23.7237438519",993,907,0.451568895,0.6115981119,https://pleiades.stoa.org/places/579885,http://nomisma.org/id/athens,http://nomisma.org/id/didrachm,,http://nomisma.org/id/ar,N,,,http://numismatics.org/collection/1944.100.24164,Kroll 2001,3
Euboic-Attic Tetradrachm,Euboic-Attic Stater,Euboic-Attic Standard,Euboic-Attic Standard (Athens) 525–300 BC,,Silver,525 BC,300 BC,Greece/The Aegean,Athens,17.4,17.4,"37.9728191495, 23.7237438519",993,907,0.451568895,0.6115981119,https://pleiades.stoa.org/places/579885,http://nomisma.org/id/athens,http://nomisma.org/id/stater,http://nomisma.org/id/tetradrachm,http://nomisma.org/id/ar,N,,,http://numismatics.org/collection/1968.34.36,Van Alfen 2015,2
Euboic-Attic Mina,,Euboic-Attic Standard,Euboic-Attic Standard (Athens) 550–300 BC,,Silver,550 BC,300 BC,Greece/The Aegean,Athens,435,435,"37.9728191495, 23.7237438519",993,907,0.451568895,0.6115981119,https://pleiades.stoa.org/places/579885,http://nomisma.org/id/athens,,,http://nomisma.org/id/ar,N,,,,Kroll 2001,3
Euboic-Attic Talent,,Euboic-Attic Standard,Euboic-Attic Standard (Athens) 550–300 BC,,Silver,550 BC,300 BC,Greece/The Aegean,Athens,26100,26100,"37.9728191495, 23.7237438519",993,907,0.451568895,0.6115981119,https://pleiades.stoa.org/places/579885,http://nomisma.org/id/athens,,,http://nomisma.org/id/ar,N,,,,Kroll 2001,3
Euboic-Attic Gold Stater,,Euboic-Attic Standard,Euboic-Attic Standard (Athens) 425–400 BC,,Gold,425 BC,400 BC,Greece/The Aegean,Athens,8.6,86,"37.9728191495, 23.7237438519",993,907,0.451568895,0.6115981119,https://pleiades.stoa.org/places/579885,http://nomisma.org/id/athens,http://nomisma.org/id/stater,,http://nomisma.org/id/av,N,,Emergency coinage issued during the Peloponnesian War,https://www.harvardartmuseums.org/art/170874,Robinson 1960,38
Daily pay for attending the Assemby at Athens,,,,x,,500 BC,450 BC,Greece/The Aegean,Athens,,0.72,"37.9728191495, 23.7237438519",993,907,0.451568895,0.6115981119,https://pleiades.stoa.org/places/579885,,,,,,,,,"Melville Jones 1993; Aristotle, Constitution of the Athenians (Athenaion Politeia), XLI, 3; Aristotle, Pol. 1274a8","4,18,9"
Daily pay for attending the Assemby at Athens,,,,x,,450 BC,400 BC,Greece/The Aegean,Athens,,1.44,"37.9728191495, 23.7237438519",993,907,0.451568895,0.6115981119,https://pleiades.stoa.org/places/579885,,,,,,,,,"Melville Jones 1993; Aristotle, Constitution of the Athenians (Athenaion Politeia), XLI, 3","4,18"
Daily pay for attending the Assemby at Athens,,,,x,,400 BC,350 BC,Greece/The Aegean,Athens,,2.16,"37.9728191495, 23.7237438519",993,907,0.451568895,0.6115981119,https://pleiades.stoa.org/places/579885,,,,,,,,,"Melville Jones 1993; Aristotle, Constitution of the Athenians (Athenaion Politeia), XLI, 3; Aristophanes, Eccl. 44; 302; Aristophanes, Pl. 330","4,18,20,21"
Daily pay for attending the Assemby at Athens,,,,x,,350 BC,300 BC,Greece/The Aegean,Athens,,4.35,"37.9728191495, 23.7237438519",993,907,0.451568895,0.6115981119,https://pleiades.stoa.org/places/579885,,,,,,,,,"Aristotle, Constitution of the Athenians (Athenaion Politeia), XLII, 2",18
"Daily pay for attending ""sovereign meeting"" of Assembly at Athens",,,,x,,350 BC,300 BC,Greece/The Aegean,Athens,,6.51,"37.9728191495, 23.7237438519",993,907,0.451568895,0.6115981119,https://pleiades.stoa.org/places/579885,,,,,,,,,"Melville Jones 1993; Aristotle, Constitution of the Athenians (Athenaion Politeia), XLII, 2",4
Trireme (warship),,,,x,,500 BC,450 BC,Greece/The Aegean,Athens,,26100,"37.9728191495, 23.7237438519",993,907,0.451568895,0.6115981119,https://pleiades.stoa.org/places/579885,,,,,,,,,"Melville Jones 1993; Aristotle, Constitution of the Athenians (Athenaion Politeia), XXII, 7; Polyaenus, Stratagems I, xxx, 6","4,18"
Piglet,,,,x,,450 BC,350 BC,Greece/The Aegean,Athens,,13.05,"37.9728191495, 23.7237438519",993,907,0.451568895,0.6115981119,https://pleiades.stoa.org/places/579885,,,,,,,,,"Melville Jones 1993, p. 467; Suda, drachma; Aristophanes, Peace, 375","4,23,24"
Philosophy book (Anaxagoras),,,,x,,450 BC,350 BC,Greece/The Aegean,Athens,,4.35,"37.9728191495, 23.7237438519",993,907,0.451568895,0.6115981119,https://pleiades.stoa.org/places/579885,,,,,,,,,"Plato, Apology, 26d",17
Daily pay for unskilled laborer,,,,x,,450 BC,400 BC,Greece/The Aegean,Athens,4.35,4.35,"37.9728191495, 23.7237438519",993,907,0.451568895,0.6115981119,https://pleiades.stoa.org/places/579885,,,,,,,"Inscriptions relating to the construction of the Erectheum, 408 BC",,Corpus Inscriptionum Atticarum i. 324,37
Etruscan Libra ,,Etruscan Standard II,Etruscan Standard II (Caere/Cerveteri) 400–300 BC,,Bronze,400 BC,300 BC,Italy/Western Mediterranean,Caere/Cerveteri,114.65,0.92,"42.005431, 12.098479",673,762,0.3060482037,0.5138233311,https://pleiades.stoa.org/places/422859,,,,http://nomisma.org/id/ae,N,,,,Maggiani 2009,30
Etruscan Libra ,,Etruscan Standard IV,Etruscan Standard IV (Caere/Cerveteri) 400–300 BC,,Bronze,400 BC,300 BC,Italy/Western Mediterranean,Caere/Cerveteri,286.63,2.29,"42.005431, 12.098479",673,762,0.3060482037,0.5138233311,https://pleiades.stoa.org/places/422859,,,,http://nomisma.org/id/ae,N,,,,Maggiani 2009,30
Chian Hekte, Chian Sixth-Stater,Chian Standard,Chian Standard (Chios) 550–300 BC,,Silver,550 BC,300 BC,Greece/The Aegean,Chios,2.6,2.6,"38.37641, 26.1342335",1059,894,0.4815825375,0.6028320971,https://pleiades.stoa.org/places/550496,http://nomisma.org/id/chios,http://nomisma.org/id/sixth-stater,,http://nomisma.org/id/ar,N,,"This coin is identified in the ANS MANTIS entry as a tetrobol (see Kallet and Kroll, In Press for ID as hekte)",http://numismatics.org/collection/1978.4.4,Kallet-Kroll In press,1
Chian Quarter-Stater,,Chian Standard,Chian Standard (Chios) 400–300 BC,,Silver,400 BC,300 BC,Greece/The Aegean,Chios,3.9,3.9,"38.37641, 26.1342335",1059,894,0.4815825375,0.6028320971,https://pleiades.stoa.org/places/550496,http://nomisma.org/id/chios,http://nomisma.org/id/quarter-stater,,http://nomisma.org/id/ar,N,,"This coin is identified on the Harvard Art Museums website as a drachm (see Kallet and Kroll, In Press for ID as quarter-stater)",https://www.harvardartmuseums.org/collections/object/170087?position=9,"Kallet-Kroll In press; Kraay 1976, 35","1,5"
Chian Half-Stater,,Chian Standard,Chian Standard (Chios) 500–300 BC,,Silver,500 BC,300 BC,Greece/The Aegean,Chios,7.8,7.8,"38.37641, 26.1342335",1059,894,0.4815825375,0.6028320971,https://pleiades.stoa.org/places/550496,http://nomisma.org/id/chios,http://nomisma.org/id/half-stater,,http://nomisma.org/id/ar,N,,"This coin is identified in the ANS MANTIS entry as a didrachm (see Kallet and Kroll, In Press for ID as half-stater)",http://numismatics.org/collection/1941.153.851,"Kallet-Kroll In press; Kraay 1976, 35","1,5"
Chian Stater,,Chian Standard,Chian Standard (Chios) 400–300 BC,,Silver,400 BC,300 BC,Greece/The Aegean,Chios,15.6,15.6,"38.37641, 26.1342335",1059,894,0.4815825375,0.6028320971,https://pleiades.stoa.org/places/550496,http://nomisma.org/id/chios,http://nomisma.org/id/stater,,http://nomisma.org/id/ar,N,,"This coin is identified in the BnF catalogue as a tetradrachm (see Kallet and Kroll, In Press for ID as stater)",https://catalogue.bnf.fr/ark:/12148/cb41777520z,Kallet-Kroll In press,1
Etruscan Libra,,Etruscan Standard IV,Etruscan Standard IV (Clevsim/Clusium/Chiusi) 400–300 BC,,Bronze,400 BC,300 BC,Italy/Western Mediterranean,Clevsim/Clusium/ Chiusi,286.63,2.29,"43.016367, 11.9487025",677,726,0.3078672124,0.4895482131,https://pleiades.stoa.org/places/413096,,,,http://nomisma.org/id/ae,N,,,,Maggiani 2009,30
Corinthian Obol,,Corinthian Standard,Corinthian Standard (Corinth) 525–300 BC,,Silver,525 BC,300 BC,Greece/The Aegean,Corinth,0.48,0.48,"37.8978302864, 22.9001987755",972,911,0.4420190996,0.6142953473,https://pleiades.stoa.org/places/570182,http://nomisma.org/id/corinth,,,http://nomisma.org/id/ar,N,,,http://numismatics.org/collection/1944.100.37116,Kroll 2001; Van Alfen 2015,"2,3"
Corinthian Hemidrachm,,Corinthian Standard,Corinthian Standard (Corinth) 525–300 BC,,Silver,525 BC,300 BC,Greece/The Aegean,Corinth,1.45,1.45,"37.8978302864, 22.9001987755",972,911,0.4420190996,0.6142953473,https://pleiades.stoa.org/places/570182,http://nomisma.org/id/corinth,,,http://nomisma.org/id/ar,N,,,http://numismatics.org/collection/1957.172.1393,Kroll 2001; Van Alfen 2015,"2,3"
Corinthian Drachm,Corinthian Trite,Corinthian Standard,Corinthian Standard (Corinth) 525–300 BC,,Silver,525 BC,300 BC,Greece/The Aegean,Corinth,2.9,2.9,"37.8978302864, 22.9001987755",972,911,0.4420190996,0.6142953473,https://pleiades.stoa.org/places/570182,http://nomisma.org/id/corinth,http://nomisma.org/id/drachma,http://nomisma.org/id/third-stater,http://nomisma.org/id/ar,N,,,http://numismatics.org/collection/1957.172.1294,Kroll 2001; Van Alfen 2015,"2,3"
Corinthian Stater,Corinthian Tridrachm,Corinthian Standard,Corinthian Standard (Corinth) 525–300 BC,,Silver,525 BC,300 BC,Greece/The Aegean,Corinth,8.7,8.7,"37.8978302864, 22.9001987755",972,911,0.4420190996,0.6142953473,https://pleiades.stoa.org/places/570182,http://nomisma.org/id/corinth,http://nomisma.org/id/stater,http://nomisma.org/id/tridrachm,http://nomisma.org/id/ar,N,,,http://numismatics.org/collection/1944.100.36712,Kroll 2001; Van Alfen 2015,"2,3"
Corinthian Mina,,Corinthian Standard,Corinthian Standard (Corinth) 550–300 BC,,Silver,550 BC,300 BC,Greece/The Aegean,Corinth,435,435,"37.8978302864, 22.9001987755",972,911,0.4420190996,0.6142953473,https://pleiades.stoa.org/places/570182,http://nomisma.org/id/corinth,,,http://nomisma.org/id/ar,N,,,,Kroll 2001,3
Corinthian Talent,,Corinthian Standard,Corinthian Standard (Corinth) 550–300 BC,,Silver,550 BC,300 BC,Greece/The Aegean,Corinth,26100,26100,"37.8978302864, 22.9001987755",972,911,0.4420190996,0.6142953473,https://pleiades.stoa.org/places/570182,http://nomisma.org/id/corinth,,,http://nomisma.org/id/ar,N,,,,Kroll 2001,3
Chalcidian Drachm,,Chalcidian Standard,Chalcidian Standard (Cumae) 475–450 BC,,Silver,475 BC,450 BC,Greece/The Aegean,Cumae,5.8,5.8,"40.848005575, 14.05571115",729,805,0.3315143247,0.5428186109,https://pleiades.stoa.org/places/432808,http://nomisma.org/id/cumae,http://nomisma.org/id/drachma,,http://nomisma.org/id/ar,N,,,,"Rutter 2001, 66, no. 513",7
Euboic-Attic Drachm,,Euboic-Attic Standard,Euboic-Attic Standard (Cumae) 475–450 BC,,Silver,475 BC,450 BC,Greece/The Aegean,Cumae,4.35,4.35,"40.848005575, 14.05571115",729,805,0.3315143247,0.5428186109,https://pleiades.stoa.org/places/432808,http://nomisma.org/id/cumae,http://nomisma.org/id/drachma,,http://nomisma.org/id/ar,N,,,,"Rutter 2001, 66, no. 514",7
Euboic-Attic Didrachm,,Euboic-Attic Standard,Euboic-Attic Standard (Cumae) 475–450 BC,,Silver,475 BC,450 BC,Greece/The Aegean,Cumae,8.7,8.7,"40.848005575, 14.05571115",729,805,0.3315143247,0.5428186109,https://pleiades.stoa.org/places/432808,http://nomisma.org/id/cumae,http://nomisma.org/id/half-stater,http://nomisma.org/id/didrachm,http://nomisma.org/id/ar,N,,,,Rutter 2001,7
Phocaic Didrachm,,Phocaic Standard,Phocaic Standard (Cumae) 475–450 BC,,Silver,475 BC,450 BC,Greece/The Aegean,Cumae,8.05,8.05,"40.848005575, 14.05571115",729,805,0.3315143247,0.5428186109,https://pleiades.stoa.org/places/432808,http://nomisma.org/id/cumae,http://nomisma.org/id/half-stater,http://nomisma.org/id/didrachm,http://nomisma.org/id/ar,N,,,http://numismatics.org/collection/1957.172.38,Rutter 2001,7
Euboic Sixth-Stater ,,Euboic Standard,Euboic Standard (Delos) 525–500 BC ,,Silver,525 BC,500 BC,Greece/The Aegean,Delos,2.9,2.9,"37.397274, 25.268194",1037,927,0.47157799,0.6250842886,https://pleiades.stoa.org/places/599587,http://nomisma.org/id/delos,http://nomisma.org/id/sixth-stater,,http://nomisma.org/id/ar,N,,,,Van Alfen 2015,2
Euboic Tritartemorion,Three-Quarter-Obol,Euboic Standard,Euboic Standard (Delos) 525–500 BC ,,Silver,525 BC,500 BC,Greece/The Aegean,Delos,0.54,0.54,"37.397274, 25.268194",1037,927,0.47157799,0.6250842886,https://pleiades.stoa.org/places/599587,http://nomisma.org/id/delos,http://nomisma.org/id/threequarter-obol,,http://nomisma.org/id/ar,N,,,,Van Alfen 2015,2
Euboic Hemiobol,Half-Obol,Euboic Standard,Euboic Standard (Delos) 525–500 BC ,,Silver,525 BC,500 BC,Greece/The Aegean,Delos,0.36,0.36,"37.397274, 25.268194",1037,927,0.47157799,0.6250842886,https://pleiades.stoa.org/places/599587,http://nomisma.org/id/delos,http://nomisma.org/id/fourtyeighth-stater,,http://nomisma.org/id/ar,N,,,,Van Alfen 2015,2
Euboic Half-Stater ,,Euboic Standard,Euboic Standard (Delos) 550-475 BC ,,Silver,550 BC,475 BC,Greece/The Aegean,Delos,8.7,8.7,"37.397274, 25.268194",1037,927,0.47157799,0.6250842886,https://pleiades.stoa.org/places/599587,http://nomisma.org/id/delos,http://nomisma.org/id/half-stater,http://nomisma.org/id/didrachm,http://nomisma.org/id/ar,N,,,http://numismatics.org/collection/2004.18.4,"Kraay 1976, 45",5
Daily pay for unskilled laborer,,,,x,,350 BC,300 BC,Greece/The Aegean,Eleusis,,6.48,"38.041101, 23.537401",989,906,0.4497498863,0.6109238031,https://pleiades.stoa.org/places/579920,,,,,,,"Eleusis inscriptions, temple, 328 BC",,Corpus Inscriptionum Atticarum i. 834,36
Daily pay for roofer,,,,x,,350 BC,300 BC,Greece/The Aegean,Eleusis,,8.7,"38.041101, 23.537401",989,906,0.4497498863,0.6109238031,https://pleiades.stoa.org/places/579920,,,,,,,"Eleusis inscriptions, temple, 328 BC",,Corpus Inscriptionum Atticarum i. 834,36
Daily pay for brick-layer,,,,x,,350 BC,300 BC,Greece/The Aegean,Eleusis,,10.86,"38.041101, 23.537401",989,906,0.4497498863,0.6109238031,https://pleiades.stoa.org/places/579920,,,,,,,"Eleusis inscriptions, temple, 328 BC",,Corpus Inscriptionum Atticarum i. 834,36
Euboic Ninety-Sixth-Stater,Euboic One-Quarter Obol (tetartemorion),Euboic Standard,Euboic Standard (Eretria) 525–300 BC,,Silver,525 BC,300 BC,Greece/The Aegean,Eretria,0.18,0.18,"38.399266, 23.7918065",996,893,0.4529331514,0.6021577883,https://pleiades.stoa.org/places/579925,http://nomisma.org/id/eretria,http://nomisma.org/id/ninetysixth-stater,http://nomisma.org/id/quarter-obol,http://nomisma.org/id/ar,N,,,http://numismatics.org/collection/1944.100.22120,Van Alfen 2015,2
Euboic Forty-Eighth-Stater,Euboic Hemiobol,Euboic Standard,Euboic Standard (Eretria) 525–300 BC,,Silver,525 BC,300 BC,Greece/The Aegean,Eretria,0.36,0.36,"38.399266, 23.7918065",996,893,0.4529331514,0.6021577883,https://pleiades.stoa.org/places/579925,http://nomisma.org/id/eretria,http://nomisma.org/id/fourtyeighth-stater,http://nomisma.org/id/hemiobol,http://nomisma.org/id/ar,N,,,http://numismatics.org/collection/1978.82.15,Van Alfen 2015,2
Euboic Thirty-Second-Stater,Euboic Three-Quarter Obol (tritartemorion),Euboic Standard,Euboic Standard (Eretria) 525–300 BC,,Silver,525 BC,300 BC,Greece/The Aegean,Eretria,0.54,0.54,"38.399266, 23.7918065",996,893,0.4529331514,0.6021577883,https://pleiades.stoa.org/places/579925,http://nomisma.org/id/eretria,http://nomisma.org/id/threequarter-obol,,http://nomisma.org/id/ar,N,,,http://numismatics.org/collection/1944.100.22119,Van Alfen 2015,2
Euboic Twenty-Fourth-Stater,Euboic Obol,Euboic Standard,Euboic Standard (Eretria) 525–300 BC,,Silver,525 BC,300 BC,Greece/The Aegean,Eretria,0.72,0.72,"38.399266, 23.7918065",996,893,0.4529331514,0.6021577883,https://pleiades.stoa.org/places/579925,http://nomisma.org/id/eretria,http://nomisma.org/id/twentyfourth-stater,http://nomisma.org/id/obol,http://nomisma.org/id/ar,N,,,http://numismatics.org/collection/1944.100.22118,Van Alfen 2015,2
Euboic Twelfth-Stater,Euboic Diobol (hemihekte),Euboic Standard,Euboic Standard (Eretria) 525–300 BC,,Silver,525 BC,300 BC,Greece/The Aegean,Eretria,1.45,1.45,"38.399266, 23.7918065",996,893,0.4529331514,0.6021577883,https://pleiades.stoa.org/places/579925,http://nomisma.org/id/eretria,http://nomisma.org/id/twelfth-stater,http://nomisma.org/id/diobol,http://nomisma.org/id/ar,N,,,http://numismatics.org/collection/1944.100.22111,Van Alfen 2015,2
Euboic Eighth-Stater,Euboic Hemidrachm (hemitetarte),Euboic Standard,Euboic Standard (Eretria) 525–300 BC,,Silver,525 BC,300 BC,Greece/The Aegean,Eretria,2.18,2.18,"38.399266, 23.7918065",996,893,0.4529331514,0.6021577883,https://pleiades.stoa.org/places/579925,http://nomisma.org/id/eretria,http://nomisma.org/id/eighth-stater,http://nomisma.org/id/hemidrachm,http://nomisma.org/id/ar,N,,,http://numismatics.org/collection/1944.100.22108,Van Alfen 2015,2
Euboic Quarter-Stater,Euboic Drachm (tetarte),Euboic Standard,Euboic Standard (Eretria) 525–300 BC,,Silver,525 BC,300 BC,Greece/The Aegean,Eretria,4.35,4.35,"38.399266, 23.7918065",996,893,0.4529331514,0.6021577883,https://pleiades.stoa.org/places/579925,http://nomisma.org/id/eretria,http://nomisma.org/id/quarter-stater,http://nomisma.org/id/drachma,http://nomisma.org/id/ar,N,,,http://numismatics.org/collection/1978.82.5,Van Alfen 2015,2
Euboic Hemistater,Euboic Didrachm,Euboic Standard,Euboic Standard (Eretria) 525–300 BC,,Silver,525 BC,300 BC,Greece/The Aegean,Eretria,8.7,8.7,"38.399266, 23.7918065",996,893,0.4529331514,0.6021577883,https://pleiades.stoa.org/places/579925,http://nomisma.org/id/eretria,http://nomisma.org/id/half-stater,http://nomisma.org/id/didrachm,http://nomisma.org/id/ar,N,,,http://numismatics.org/collection/1978.82.11,Van Alfen 2015,2
Euboic Stater,Euboic Tetradrachm,Euboic Standard,Euboic Standard (Eretria) 525–300 BC,,Silver,525 BC,300 BC,Greece/The Aegean,Eretria,17.4,17.4,"38.399266, 23.7918065",996,893,0.4529331514,0.6021577883,https://pleiades.stoa.org/places/579925,http://nomisma.org/id/eretria,http://nomisma.org/id/stater,http://nomisma.org/id/tetradrachm,http://nomisma.org/id/ar,N,,,http://numismatics.org/collection/2008.39.30,Van Alfen 2015,2
Euboic Mina,,Euboic Standard,Euboic Standard (Eretria) 550–300 BC,,Silver,550 BC,300 BC,Greece/The Aegean,Eretria,435,435,"38.399266, 23.7918065",996,893,0.4529331514,0.6021577883,https://pleiades.stoa.org/places/579925,http://nomisma.org/id/eretria,,,http://nomisma.org/id/ar,N,,,,Kroll 2001,3
Euboic Talent,,Euboic Standard,Euboic Standard (Eretria) 550–300 BC,,Silver,550 BC,300 BC,Greece/The Aegean,Eretria,26100,26100,"38.399266, 23.7918065",996,893,0.4529331514,0.6021577883,https://pleiades.stoa.org/places/579925,http://nomisma.org/id/eretria,,,http://nomisma.org/id/ar,N,,,,Kroll 2001,3
Etruscan Libra ,,Etruscan Standard VII,Etruscan Standard VII (Fufluna/Populonia) 400–300 BC,,Bronze,400 BC,300 BC,Italy/Western Mediterranean,Fufluna /Populonia,358.28,2.87,"42.9884196982, 10.4899392211",631,728,0.286948613,0.4908968307,https://pleiades.stoa.org/places/403212,http://nomisma.org/id/populonia,,,http://nomisma.org/id/ae,N,,,,Maggiani 2009,30
Euboic Hemidrachm,,Euboic Standard,Euboic Standard (Gela) 425–400 BC,,Silver,425 BC,400 BC,Greece/The Aegean,Gela,2.18,2.18,"37.0630925, 14.2584705",732,939,0.3328785812,0.6331759946,https://pleiades.stoa.org/places/462214,http://nomisma.org/id/gela,http://nomisma.org/id/hemidrachm,,http://nomisma.org/id/ar,N,,,,Jenkins 1970,28
Euboic Stater,Euboic Tetradrachm,Euboic Standard,Euboic Standard (Gela) 500–400 BC,,Silver,500 BC,400 BC,Greece/The Aegean,Gela,17.4,17.4,"37.0630925, 14.2584705",732,939,0.3328785812,0.6331759946,https://pleiades.stoa.org/places/462214,http://nomisma.org/id/gela,http://nomisma.org/id/stater,http://nomisma.org/id/tetradrachm,http://nomisma.org/id/ar,N,,,http://numismatics.org/collection/1957.172.550,Jenkins 1970,28
Euboic Half-Stater,Euboic Didrachm,Euboic Standard,Euboic Standard (Gela) 500–400 BC,,Silver,500 BC,400 BC,Greece/The Aegean,Gela,8.7,8.7,"37.0630925, 14.2584705",732,939,0.3328785812,0.6331759946,https://pleiades.stoa.org/places/462214,http://nomisma.org/id/gela,http://nomisma.org/id/half-stater,http://nomisma.org/id/didrachm,http://nomisma.org/id/ar,N,,,http://numismatics.org/collection/1944.100.8424,Jenkins 1970,28
Euboic Drachm,,Euboic Standard,Euboic Standard (Gela) 500–475 BC,,Silver,500 BC,475 BC,Greece/The Aegean,Gela,4.35,4.35,"37.0630925, 14.2584705",732,939,0.3328785812,0.6331759946,https://pleiades.stoa.org/places/462214,http://nomisma.org/id/gela,http://nomisma.org/id/drachma,,http://nomisma.org/id/ar,N,,,,Jenkins 1970,28
Euboic Obol,,Euboic Standard,Euboic Standard (Gela) 500–475 BC,,Silver,500 BC,475 BC,Greece/The Aegean,Gela,0.72,0.72,"37.0630925, 14.2584705",732,939,0.3328785812,0.6331759946,https://pleiades.stoa.org/places/462214,http://nomisma.org/id/gela,http://nomisma.org/id/obol,,http://nomisma.org/id/ar,N,,,http://numismatics.org/collection/1944.100.8432,Jenkins 1970,28
Sicilian Hexas,2-Onkia,Sicilian Standard,Sicilian Standard (Gela) 500–475 BC,,Silver,500 BC,475 BC,Greece/The Aegean,Gela,0.15,0.15,"37.0630925, 14.2584705",732,939,0.3328785812,0.6331759946,https://pleiades.stoa.org/places/462214,http://nomisma.org/id/gela,http://nomisma.org/id/2-onkia,,http://nomisma.org/id/ar,N,,,,Jenkins 1970,28
Sicilian Litra,,Sicilian Standard,Sicilian Standard (Gela) 475–300 BC,,Silver,475 BC,300 BC,Greece/The Aegean,Gela,0.87,0.87,"37.0630925, 14.2584705",732,939,0.3328785812,0.6331759946,https://pleiades.stoa.org/places/462214,http://nomisma.org/id/gela,http://nomisma.org/id/litra,,http://nomisma.org/id/ar,N,,,http://numismatics.org/collection/1987.32.114,Jenkins 1970,28
Anatolian Shekel,,Anatolian Standard,Anatolian Standard (Hattusa) 1500–300 BC,,Silver,1500 BC,300 BC,Anatolia,Hattusa (Khatti),11.75,11.75,"40.019722, 34.615278",1297,828,0.5898135516,0.5583277141,https://pleiades.stoa.org/places/283602441,,http://nomisma.org/id/shekel,,http://nomisma.org/id/ar,N,,,,Parise 1981,31
Euboic Half-Stater,Euboic Didrachm,Euboic Standard,Euboic Standard (Himera) 475–400 BC,,Silver,475 BC,400 BC,Greece/The Aegean,Himera,8.7,8.7,"37.970797, 13.822496",722,909,0.3283310596,0.6129467296,https://pleiades.stoa.org/places/462244,http://nomisma.org/id/himera,http://nomisma.org/id/half-stater,http://nomisma.org/id/didrachm,http://nomisma.org/id/ar,N,,,,BMC,12
Euboic Drachma,,Euboic Standard,Euboic Standard (Himera) 475–400 BC,,Silver,475 BC,400 BC,Greece/The Aegean,Himera,4.35,4.35,"37.970797, 13.822496",722,909,0.3283310596,0.6129467296,https://pleiades.stoa.org/places/462244,http://nomisma.org/id/himera,http://nomisma.org/id/drachma,,http://nomisma.org/id/ar,N,,,,BMC,12
Euboic Hemidrachma,,Euboic Standard,Euboic Standard (Himera) 475–400 BC,,Silver,475 BC,400 BC,Greece/The Aegean,Himera,2.18,2.18,"37.970797, 13.822496",722,909,0.3283310596,0.6129467296,https://pleiades.stoa.org/places/462244,http://nomisma.org/id/himera,http://nomisma.org/id/hemidrachm,,http://nomisma.org/id/ar,N,,,,BMC,12
Chalcidian Quarter-Hekte,Chalcidian Twenty-Fourth-Stater,Chalcidian Standard,Chalcidian Standard (Himera) 525–500 BC,,Silver,525 BC,500 BC,Greece/The Aegean,Himera,0.72,1.44,"37.970797, 13.822496",722,909,0.3283310596,0.6129467296,https://pleiades.stoa.org/places/462244,http://nomisma.org/id/himera,http://nomisma.org/id/twentyfourth-stater,,http://nomisma.org/id/ar,N,,,http://numismatics.org/collection/1944.100.8493,Van Alfen 2015,2
Chalcidian Drachm,,Chalcidian Standard,Chalcidian Standard (Himera) 525–500 BC,,Silver,525 BC,500 BC,Greece/The Aegean,Himera,5.8,11.6,"37.970797, 13.822496",722,909,0.3283310596,0.6129467296,https://pleiades.stoa.org/places/462244,http://nomisma.org/id/himera,http://nomisma.org/id/drachma,,http://nomisma.org/id/ar,N,,,,Van Alfen 2015,2
Chalcidian Mina,,Chalcidian Standard,Chalcidian Standard (Himera) 525–500 BC,,Silver,525 BC,500 BC,Greece/The Aegean,Himera,435,870,"37.970797, 13.822496",722,909,0.3283310596,0.6129467296,https://pleiades.stoa.org/places/462244,http://nomisma.org/id/himera,,,http://nomisma.org/id/ar,N,,,,Kroll 2001,3
Chalcidian Talent,,Chalcidian Standard,Chalcidian Standard (Himera) 525–500 BC,,Silver,525 BC,500 BC,Greece/The Aegean,Himera,26100,52200,"37.970797, 13.822496",722,909,0.3283310596,0.6129467296,https://pleiades.stoa.org/places/462244,http://nomisma.org/id/himera,,,http://nomisma.org/id/ar,N,,,,Kroll 2001,3
Sicilian Litra,,Sicilian Standard,Sicilian Standard (Himera) 500–475 BC,,Silver,500 BC,475 BC,Greece/The Aegean,Himera,0.87,1.74,"37.970797, 13.822496",722,909,0.3283310596,0.6129467296,https://pleiades.stoa.org/places/462244,http://nomisma.org/id/himera,http://nomisma.org/id/litra,,http://nomisma.org/id/ar,N,,"Pollux cites Aristotle's Constitution of the Akragantines, in which he says that the Sicilian litra is equivalent to the Aeginetan obol.",http://numismatics.org/collection/1944.100.8492,Castellano 2019,14
Sicilian Litra,,Sicilian Standard,Sicilian Standard (Himera) 475–400 BC,,Silver,475 BC,400 BC,Greece/The Aegean,Himera,0.87,0.87,"37.970797, 13.822496",722,909,0.3283310596,0.6129467296,https://pleiades.stoa.org/places/462244,http://nomisma.org/id/himera,http://nomisma.org/id/litra,,http://nomisma.org/id/ar,N,,"Pollux cites Aristotle's Constitution of the Akragantines, in which he says that the Sicilian litra is equivalent to the Aeginetan obol. Silver to Bronze ratio of 1:250 (typical of the Archaic period in Sicily)",http://numismatics.org/collection/1944.100.8508,Castellano 2019,14
Corinthian Stater,Corinthian Tridrachm,Corinthian Standard,Corinthian Standard (Hipponion/Vibo Valentia) 350–300 BC ,,Silver,350 BC ,300 BC,Greece/The Aegean,Hipponion (Vibo Valentia),8.7,8.7,"38.675581, 16.097648",784,885,0.3565256935,0.5967633176,https://pleiades.stoa.org/places/452337,http://nomisma.org/id/hipponium,http://nomisma.org/id/stater,http://nomisma.org/id/tridrachm,http://nomisma.org/id/ar,N,,,,Rutter 2001,7
Aeginetan Stater,Aeginetan Didrachm,Aeginetan Standard,"Aeginetan Standard (Kamiros, on Rhodes) 500–475 BC",,Silver,500 BC,475 BC,Greece/The Aegean,"Kamiros, on Rhodes",12.46,12.46,"36.336185, 27.921195",784,885,0.3565256935,0.5967633176,https://pleiades.stoa.org/places/589836,http://nomisma.org/id/camirus,http://nomisma.org/id/stater,http://nomisma.org/id/didrachm,http://nomisma.org/id/ar,N,,https://www.wildwinds.com/coins/greece/rhodes/kamiros/i.html,BMC 3; Bunbury 269; Rosen 645; SNG Hel 317,"Kraay 1976, 35",5
Aeginetan Diobol,,Aeginetan Standard,"Aeginetan Standard (Kamiros, on Rhodes) 500–475 BC",,Silver,500 BC,475 BC,Greece/The Aegean,"Kamiros, on Rhodes",2.08,2.08,"36.336185, 27.921195",784,885,0.3565256935,0.5967633176,https://pleiades.stoa.org/places/589836,http://nomisma.org/id/camirus,http://nomisma.org/id/diobol,,http://nomisma.org/id/ar,N,,https://www.wildwinds.com/coins/greece/rhodes/kamiros/i.html,BMC 3; Bunbury 269; Rosen 645; SNG Hel 317,BMC 3,12
Syrian Shekel,,Syrian Standard,Syrian Standard (Karkemish) 1500–300 BC,,Silver,1500 BC,300 BC,The Levant,Karkemish (Europus),7.8,7.8,"36.823588, 38.012758",1390,947,0.6321055025,0.6385704653,https://pleiades.stoa.org/places/658465,,,,http://nomisma.org/id/ar,N,,,,Parise 1981,31
Aeginetan Drachm,,Aeginetan Standard,Aeginetan Standard (Knidos) 500–450 BC,,Silver,500 BC,450 BC,Greece/The Aegean,Knidos,6.23,6.23,"36.73328265, 27.69261325",1101,951,0.5006821282,0.6412677006,https://pleiades.stoa.org/places/599576,http://nomisma.org/id/cnidus,http://nomisma.org/id/drachma,,http://nomisma.org/id/ar,N,,,BMC 17-19,"Kraay 1976, 38",5
Milesian Stater,,Milesian Standard,Milesian Standard (Knidos) 525–500 BC,,Silver,525 BC,500 BC,Greece/The Aegean,Knidos ,14.2,14.2,"36.73328265, 27.69261325",1101,951,0.5006821282,0.6412677006,https://pleiades.stoa.org/places/599576,http://nomisma.org/id/cnidus,http://nomisma.org/id/stater,,http://nomisma.org/id/ar,N,,,,"Kraay 1976, 38",5
Milesian Stater,,Milesian Standard,"Milesian Standard (Lindos, on Rhodes) 500–475 BC",,Silver,500 BC,475 BC,Greece/The Aegean,Lindos (Rhodes),14.2,14.2,"36.0912206, 28.0882029",1113,973,0.5061391542,0.6561024949,https://pleiades.stoa.org/places/589913,http://nomisma.org/id/lindus,http://nomisma.org/id/stater,,http://nomisma.org/id/ar,N,,,"Cahn, group E var. (raised band on rev); Hunterian 1 var. and SNG vA 2782 var. (both with single band on rev).","Kraay 1976, 35",5
Sicilian Light Litra,,Sicilian Standard,Sicilian Standard (Lipara) 450–350 BC,,Bronze,450 BC,350 BC,Greece/The Aegean,Lipara ,108,0.87,"38.46740105, 14.9539573",752,891,0.3419736244,0.6008091706,https://pleiades.stoa.org/places/462283,http://nomisma.org/id/lipara,http://nomisma.org/id/litra,,http://nomisma.org/id/ae,?,,,,Mastelloni 2003,29
Sicilian Light Hemilitron,Half-Litra,Sicilian Standard,Sicilian Standard (Lipara) 450–350 BC,,Bronze,450 BC,350 BC,Greece/The Aegean,Lipara ,54,0.44,"38.46740105, 14.9539573",752,891,0.3419736244,0.6008091706,https://pleiades.stoa.org/places/462283,http://nomisma.org/id/lipara,http://nomisma.org/id/half-litra,,http://nomisma.org/id/ae,?,,,,Mastelloni 2003,29
Sicilian Light Tetras ,3-Onkia,Sicilian Standard,Sicilian Standard (Lipara) 450–350 BC,,Bronze,450 BC,350 BC,Greece/The Aegean,Lipara ,27,0.22,"38.46740105, 14.9539573",752,891,0.3419736244,0.6008091706,https://pleiades.stoa.org/places/462283,http://nomisma.org/id/lipara,http://nomisma.org/id/3-onkia,,http://nomisma.org/id/ae,?,,,,Mastelloni 2003,29
Sicilian Light Hexas,2-Onkia,Sicilian Standard,Sicilian Standard (Lipara) 450–350 BC,,Bronze,450 BC,350 BC,Greece/The Aegean,Lipara ,18,0.15,"38.46740105, 14.9539573",752,891,0.3419736244,0.6008091706,https://pleiades.stoa.org/places/462283,http://nomisma.org/id/lipara,http://nomisma.org/id/2-onkia,,http://nomisma.org/id/ae,?,,,,Mastelloni 2003,29
Sicilian Light Onkia,,Sicilian Standard,Sicilian Standard (Lipara) 450–350 BC,,Bronze,450 BC,350 BC,Greece/The Aegean,Lipara ,9,0.07,"38.46740105, 14.9539573",752,891,0.3419736244,0.6008091706,https://pleiades.stoa.org/places/462283,http://nomisma.org/id/lipara,http://nomisma.org/id/onkia,,http://nomisma.org/id/ae,?,,,,Mastelloni 2003,29
Etruscan Libra,,Etruscan Standard I,Etruscan Standard I (Marzabotto) 500–400 BC,,Bronze,500 BC,400 BC,Italy/Western Mediterranean,Marzabotto,28.66,0.23,"44.335331, 11.203075",656,674,0.298317417,0.4544841537,https://pleiades.stoa.org/places/393448,,,,http://nomisma.org/id/ae,N,,,,Maggiani 2009,30
Etruscan Libra,,Etruscan Standard II,Etruscan Standard II (Marzabotto) 500–400 BC,,Bronze,500 BC,400 BC,Italy/Western Mediterranean,Marzabotto,114.65,0.92,"44.335331, 11.203075",656,674,0.298317417,0.4544841537,https://pleiades.stoa.org/places/393448,,,,http://nomisma.org/id/ae,N,,,,Maggiani 2009,30
Etruscan Libra,,Etruscan Standard III,Etruscan Standard III (Marzabotto) 500–400 BC,,Bronze,500 BC,400 BC,Italy/Western Mediterranean,Marzabotto,143.31,1.15,"44.335331, 11.203075",656,674,0.298317417,0.4544841537,https://pleiades.stoa.org/places/393448,,,,http://nomisma.org/id/ae,N,,,,Maggiani 2009,30
Etruscan Libra,,Etruscan Standard VI,Etruscan Standard VI (Marzabotto) 500–400 BC,,Bronze,500 BC,400 BC,Italy/Western Mediterranean,Marzabotto,343.95,2.75,"44.335331, 11.203075",656,674,0.298317417,0.4544841537,https://pleiades.stoa.org/places/393448,,,,http://nomisma.org/id/ae,N,,,,Maggiani 2009,30
Etruscan Libra,,Etruscan Standard VII,Etruscan Standard VII (Marzabotto) 500–400 BC,,Bronze,500 BC,400 BC,Italy/Western Mediterranean,Marzabotto,358.28,2.87,"44.335331, 11.203075",656,674,0.298317417,0.4544841537,https://pleiades.stoa.org/places/393448,,,,http://nomisma.org/id/ae,N,,,,Maggiani 2009,30
Etruscan Libra,,Etruscan Standard VIII,Etruscan Standard VIII (Marzabotto) 500–400 BC,,Bronze,500 BC,400 BC,Italy/Western Mediterranean,Marzabotto,382.17,3.06,"44.335331, 11.203075",656,674,0.298317417,0.4544841537,https://pleiades.stoa.org/places/393448,,,,http://nomisma.org/id/ae,N,,,,Maggiani 2009,30
Etruscan Libra,,Etruscan Standard IX,Etruscan Standard IX (Marzabotto) 500–400 BC,,Bronze,500 BC,400 BC,Italy/Western Mediterranean,Marzabotto,401.28,3.21,"44.335331, 11.203075",656,674,0.298317417,0.4544841537,https://pleiades.stoa.org/places/393448,,,,http://nomisma.org/id/ae,N,,,,Maggiani 2009,30
Etruscan Libra,,Etruscan Standard X,Etruscan Standard X (Marzabotto) 500–400 BC,,Bronze,500 BC,400 BC,Italy/Western Mediterranean,Marzabotto,429.94,3.44,"44.335331, 11.203075",656,674,0.298317417,0.4544841537,https://pleiades.stoa.org/places/393448,,,,http://nomisma.org/id/ae,N,,,,Maggiani 2009,30
Etruscan Libra,,Etruscan Standard XI,Etruscan Standard XI (Marzabotto) 500–400 BC,,Bronze,500 BC,400 BC,Italy/Western Mediterranean,Marzabotto,477.71,3.82,"44.335331, 11.203075",656,674,0.298317417,0.4544841537,https://pleiades.stoa.org/places/393448,,,,http://nomisma.org/id/ae,N,,,,Maggiani 2009,30
Phocaic Drachm,,Phocaic Standard,Phocaic Standard (Massalia) 500–300 BC,,Silver,500 BC,300 BC,Italy/Western Mediterranean,Massalia,4.03,4.03,"43.296854, 5.382499",492,717,0.2237380628,0.4834794336,https://pleiades.stoa.org/places/148127,http://nomisma.org/id/massalia,http://nomisma.org/id/drachma,,http://nomisma.org/id/ar,N,,,,Cristofani Martelli 1976,34
Phocaic Twenty-Fourth-Stater,Obol,Phocaic Standard,Phocaic Standard (Massalia) 500–300 BC,,Silver,500 BC,300 BC,Italy/Western Mediterranean,Massalia,0.67,0.67,"43.296854, 5.382499",492,717,0.2237380628,0.4834794336,https://pleiades.stoa.org/places/148127,http://nomisma.org/id/massalia,http://nomisma.org/id/twentyfourth-stater,http://nomisma.org/id/obol,http://nomisma.org/id/ar,N,,,,Cristofani Martelli 1976,34
Milesian Stater,,Milesian Standard,Milesian Standard (Melos) 500–425 BC,,Silver,500 BC,425 BC,Greece/The Aegean,Melos,14.2,14.2,"36.743864, 24.423276",1015,949,0.4615734425,0.6399190829,https://pleiades.stoa.org/places/570474,http://nomisma.org/id/melos,http://nomisma.org/id/stater,,http://nomisma.org/id/ar,N,,, SNG Cop. 679,"Kraay 1976, 45",5
Euboic Stater,Tetradrachm,Euboic Standard,Euboic Standard (Messana) 500–400 BC,,Silver,500 BC,400 BC,Greece/The Aegean,Messana,17.4,17.4,"38.192251, 15.556634",1015,949,0.4615734425,0.6399190829,https://pleiades.stoa.org/places/462538,http://nomisma.org/id/zancle,http://nomisma.org/id/stater,http://nomisma.org/id/tetradrachm,http://nomisma.org/id/ar,N,,,http://numismatics.org/collection/1987.25.13,Caltabiano 1993,27
Euboic Half-Stater,Didrachm,Euboic Standard,Euboic Standrd (Messana) 500–450 BC,,Silver,500 BC,450 BC,Greece/The Aegean,Messana,8.7,8.7,"38.192251, 15.556634",1015,949,0.4615734425,0.6399190829,https://pleiades.stoa.org/places/462538,http://nomisma.org/id/zancle,http://nomisma.org/id/half-stater,http://nomisma.org/id/didrachm,http://nomisma.org/id/ar,N,,,http://numismatics.org/collection/1980.115.1,Caltabiano 1993,27
Euboic Drachma,,Euboic Standard,Euboic Standard (Messana) 500–400 BC,,Silver,500 BC,400 BC,Greece/The Aegean,Messana,4.35,4.35,"38.192251, 15.556634",1015,949,0.4615734425,0.6399190829,https://pleiades.stoa.org/places/462538,http://nomisma.org/id/zancle,http://nomisma.org/id/drachma,,http://nomisma.org/id/ar,N,,,http://numismatics.org/collection/1944.100.8620,Caltabiano 1993,27
Euboic Hemidrachm,,Euboic Standard,Euboic Standard (Messana) 500–400 BC,,Silver,500 BC,400 BC,Greece/The Aegean,Messana,2.18,2.18,"38.192251, 15.556634",1015,949,0.4615734425,0.6399190829,https://pleiades.stoa.org/places/462538,http://nomisma.org/id/zancle,http://nomisma.org/id/hemidrachm,,http://nomisma.org/id/ar,N,,,,Caltabiano 1993,27
Sicilian Litra,,Sicilian Standard,Sicilian Standard (Messana) 500–400 BC,,Silver,500 BC,400 BC,Greece/The Aegean,Messana,0.87,0.87,"38.192251, 15.556634",1015,949,0.4615734425,0.6399190829,https://pleiades.stoa.org/places/462538,http://nomisma.org/id/zancle,http://nomisma.org/id/litra,,http://nomisma.org/id/ar,N,,,http://numismatics.org/collection/1944.100.8605,Caltabiano 1993,27
Sicilian Hemilitron,,Sicilian Standard,Sicilian Standard (Messana) 500–400 BC,,Silver,500 BC,400 BC,Greece/The Aegean,Messana,0.44,0.44,"38.192251, 15.556634",1015,949,0.4615734425,0.6399190829,https://pleiades.stoa.org/places/462538,http://nomisma.org/id/zancle,http://nomisma.org/id/half-litra,,http://nomisma.org/id/ar,N,,,,Caltabiano 1993,27
Sicilian Hexas,2-Onkia,Sicilian Standard,Sicilian Standard (Messana) 500–400 BC,,Silver,500 BC,400 BC,Greece/The Aegean,Messana,0.15,0.15,"38.192251, 15.556634",1015,949,0.4615734425,0.6399190829,https://pleiades.stoa.org/places/462538,http://nomisma.org/id/zancle,http://nomisma.org/id/2-onkia,,http://nomisma.org/id/ar,N,,,http://numismatics.org/collection/1983.51.39,Caltabiano 1993,27
Achaean Stater,,Achaean Standard,Achaean Standard (Metapontum) 550–300 BC,,Silver,550 BC,300 BC,Greece/The Aegean,Metapontum,8,8,"40.383868, 16.824063",805,821,0.3660754889,0.5536075523,https://pleiades.stoa.org/places/442658,http://nomisma.org/id/metapontum,http://nomisma.org/id/stater,,http://nomisma.org/id/ar,N,,,http://numismatics.org/collection/1944.100.4904,"Kraay 1976, 163",5
Milesian Hekte,,Milesian Standard,Milesian Standard (Miletus) 500–400 BC,,Silver,500 BC,400 BC,Greece/The Aegean,Miletus,2.35,2.35,"37.5229047333, 27.2783168333",805,821,0.3660754889,0.5536075523,https://pleiades.stoa.org/places/599799,http://nomisma.org/id/miletus,http://nomisma.org/id/sixth-stater,,http://nomisma.org/id/ar,N,,,,Kallet-Kroll In press,1
Milesian Quarter-Stater,,Milesian Standard,Milesian Standard (Miletus) 500–400 BC,,Silver,500 BC,400 BC,Greece/The Aegean,Miletus,3.55,3.55,"37.5229047333, 27.2783168333",805,821,0.3660754889,0.5536075523,https://pleiades.stoa.org/places/599799,http://nomisma.org/id/miletus,http://nomisma.org/id/quarter-stater,,http://nomisma.org/id/ar,N,,,,Kallet-Kroll In press,1
Milesian Stater,,Milesian Standard,Milesian Standard (Miletus) 500–400 BC,,Silver,500 BC,400 BC,Greece/The Aegean,Miletus,14.2,14.2,"37.5229047333, 27.2783168333",805,821,0.3660754889,0.5536075523,https://pleiades.stoa.org/places/599799,http://nomisma.org/id/miletus,http://nomisma.org/id/stater,,http://nomisma.org/id/ar,N,,,,"Kallet-Kroll In press, Psoma 2015","1,8"
Euboic Stater,Euboic Tetradrachm,Euboic Standard,Euboic Standard (Naxos) 450–400 BC,,Silver,450 BC,400 BC,Greece/The Aegean,Naxos,17.4,17.4,"37.82248715, 15.2677947",761,911,0.3460663938,0.6142953473,https://pleiades.stoa.org/places/462386,http://nomisma.org/id/naxus,http://nomisma.org/id/stater,http://nomisma.org/id/tetradrachm,http://nomisma.org/id/ar,N,,,http://numismatics.org/collection/1944.100.10048,Cahn 1944,25
Euboic Drachma,,Euboic Standard,Euboic Standard (Naxos) 450–425 BC,,Silver,450 BC,425 BC,Greece/The Aegean,Naxos,4.35,4.35,"37.82248715, 15.2677947",761,911,0.3460663938,0.6142953473,https://pleiades.stoa.org/places/462386,http://nomisma.org/id/naxus,http://nomisma.org/id/drachma,,http://nomisma.org/id/ar,N,,,http://numismatics.org/collection/1944.100.10049,Cahn 1944,25
Chalcidian Quarter-Hekte,Chalcidian Twenty-Fourth-Stater,Chalcidian Standard,Chalcidian Standard (Naxos) 525–500 BC,,Silver,525 BC,500 BC,Greece/The Aegean,Naxos,0.72,1.44,"37.82248715, 15.2677947",761,911,0.3460663938,0.6142953473,https://pleiades.stoa.org/places/462386,http://nomisma.org/id/naxus,http://nomisma.org/id/twentyfourth-stater,,http://nomisma.org/id/ar,N,,,http://numismatics.org/collection/1944.100.10046,Van Alfen 2015,2
Chalcidian Drachm,,Chalcidian Standard,Chalcidian Standard (Naxos) 525–500 BC,,Silver,525 BC,500 BC,Greece/The Aegean,Naxos,5.8,11.6,"37.82248715, 15.2677947",761,911,0.3460663938,0.6142953473,https://pleiades.stoa.org/places/462386,http://nomisma.org/id/naxus,http://nomisma.org/id/drachma,,http://nomisma.org/id/ar,N,,,http://numismatics.org/collection/1944.100.10047,Van Alfen 2015,2
Chalcidian Mina,,Chalcidian Standard,Chalcidian Standard (Naxos) 550–500 BC,,Silver,550 BC,500 BC,Greece/The Aegean,Naxos,435,870,"37.82248715, 15.2677947",761,911,0.3460663938,0.6142953473,https://pleiades.stoa.org/places/462386,http://nomisma.org/id/naxus,,,http://nomisma.org/id/ar,N,,,,Kroll 2001,3
Chalcidian Talent,,Chalcidian Standard,Chalcidian Standard (Naxos) 550–500 BC,,Silver,550 BC,500 BC,Greece/The Aegean,Naxos,26100,52200,"37.82248715, 15.2677947",761,911,0.3460663938,0.6142953473,https://pleiades.stoa.org/places/462386,http://nomisma.org/id/naxus,,,http://nomisma.org/id/ar,N,,,,Kroll 2001,3
Sicilian Litra,,Sicilian Standard,Sicilian Standard (Naxos) 450–425 BC,,Silver,450 BC,425 BC,Greece/The Aegean,Naxos,0.87,0.87,"37.82248715, 15.2677947",761,911,0.3460663938,0.6142953473,https://pleiades.stoa.org/places/462386,http://nomisma.org/id/naxus,http://nomisma.org/id/litra,,http://nomisma.org/id/ar,N,,,,Cahn 1944,25
Mesopotamian Shekel,,Mesopotamian Standard,Mesopotamian Standard (Nippur) 1500–300 BC,,Silver,1500 BC,300 BC,Southern Mesopotamia,Nippur,8.4,8.4,"32.126944, 45.230833",1583,1109,0.7198726694,0.7478084963,https://pleiades.stoa.org/places/912910,,,,http://nomisma.org/id/ar,N,,,,Ialongo et al 2018,32
Parian-Thasian Stater,,Parian-Thasian Standard,Parian-Thasian Standard (Paros) 500–400 BC,,Silver,500 BC,400 BC,Greece/The Aegean,Paros,10,10,"37.05, 25.19",1034,941,0.4702137335,0.6345246123,https://pleiades.stoa.org/places/599868,http://nomisma.org/id/paros,http://nomisma.org/id/stater,,http://nomisma.org/id/ar,N,,,,Kallet-Kroll In press,1
Euboic-Attic Stater,,Euboic-Attic Standard,Euboic Attic Standard (Pella) 350–300 BC,,Silver,350 BC,300 BC,Greece/The Aegean,Pella,17.4,17.4,"40.757294, 22.5220635",960,810,0.4365620737,0.5461901551,https://pleiades.stoa.org/places/491687,http://nomisma.org/id/pella_macedon,http://nomisma.org/id/stater,http://nomisma.org/id/tetradrachm,http://nomisma.org/id/ar,N,,,,Le Rider 1977,39
Euboic-Attic Gold Stater,,Euboic-Attic Standard,Euboic-Attic Standard (Pella) 350–300 BC,,Gold,350 BC,300 BC,Greece/The Aegean,Pella,8.6,86,"40.757294, 22.5220635",960,810,0.4365620737,0.5461901551,https://pleiades.stoa.org/places/491687,http://nomisma.org/id/pella_macedon,http://nomisma.org/id/stater,,http://nomisma.org/id/av,N,,,https://hvrd.art/o/191447,Le Rider 1977 101a,39
Attic choenix of grain (roughly 1.1 liters volume),,,,x,,450 BC,400 BC,,Persia,,10.8,,1807,1068,0.8217371533,0.7201618341,,,,,,,,,,"Xenophon, Anab. I, 5, 6; Smith 1851, 1024–30","15,9"
Etruscan Libra ,,Etruscan Standard VIII,Etruscan Standard VIII (Pisae/Pisa) 500–400 BC,,Bronze,500 BC,400 BC,Italy/Western Mediterranean,Pisae/Pisa,382.17,3.06,"43.719417, 10.400106",626,721,0.2846748522,0.4861766689,https://pleiades.stoa.org/places/403253,,,,http://nomisma.org/id/ae,N,,,,Maggiani 2009,30
Campanian Stater,,Campanian Standard,Campanian Standard (Poseidonia) 525–500 BC,,"
Silver",525 BC,500 BC,Greece/The Aegean,Poseidonia,7.5,7.5,"40.42064875, 15.00532475",755,823,0.3433378809,0.5549561699,https://pleiades.stoa.org/places/442733,http://nomisma.org/id/poseidonia,http://nomisma.org/id/stater,,http://nomisma.org/id/ar,N,,,,"Kraay 1976, 169",5
Campanian Half-Stater,,Campanian Standard,Campanian Standard (Poseidonia) 525–500 BC,,Silver,525 BC,500 BC,Greece/The Aegean,Poseidonia,3.75,3.75,"40.42064875, 15.00532475",755,823,0.3433378809,0.5549561699,https://pleiades.stoa.org/places/442733,http://nomisma.org/id/poseidonia,http://nomisma.org/id/half-stater,http://nomisma.org/id/drachma,http://nomisma.org/id/ar,N,,,,"Kraay 1976, 169",5
Daily pay for hoplite in Athenian service,,,,x,,450 BC,400 BC,Greece/The Aegean,Potidaea,,4.35,"40.193696, 23.327812",983,830,0.4470213734,0.5596763318,https://pleiades.stoa.org/places/491701,,,,,,,,,"Thucydides 3, 17, 4",16
Etruscan Libra,,Etruscan Standard III,Etruscan Standard III (Regium Lepidum/Reggio Emilia) 400–300 BC,,Bronze,400 BC,300 BC,Italy/Western Mediterranean,Regium Lepidum/Reggio Emilia,143.31,1.15,"44.698137, 10.630721",635,661,0.2887676216,0.4457181389,https://pleiades.stoa.org/places/383755,,,,http://nomisma.org/id/ae,N,,,,Maggiani 2009,30
Etruscan Libra,,Etruscan Standard VII,Etruscan Standard VII (Regium Lepidum/Reggio Emilia) 500–300 BC,,Bronze,500 BC,300 BC,Italy/Western Mediterranean,Regium Lepidum/Reggio Emilia,358.28,2.87,"44.698137, 10.630721",635,661,0.2887676216,0.4457181389,https://pleiades.stoa.org/places/383755,,,,http://nomisma.org/id/ae,N,,,,Maggiani 2009,30
Roman Libra,,Roman Libral Standard,Roman Libral Standard (Rome) 425–300 BC,,Bronze,425 BC,300 BC,Italy/Western Mediterranean,Rome,324,2.59,"41.891775, 12.486137",683,770,0.3105957253,0.5192178018,https://pleiades.stoa.org/places/423025,http://nomisma.org/id/rome,,,http://nomisma.org/id/ae,N,,,,Crawford 2011,33
Etruscan Libra ,,Etruscan Standard II,Etruscan Standard II (Saena/Siena) 800–700 BC,,Bronze,800 BC,700 BC,Italy/Western Mediterranean,Saena/Siena,114.65,0.92,"43.318695, 11.330502",652,715,0.2964984084,0.4821308159,https://pleiades.stoa.org/places/413293,,,,http://nomisma.org/id/ae,N,,,,Maggiani 2009,30
Chian Stater,,Chian Standard,Chian Standard (Samos) 400–375 BC,,Silver,400 BC,375 BC,Greece/The Aegean,Samos,15.6,15.6,"37.68825, 26.944483",1080,918,0.4911323329,0.6190155091,https://pleiades.stoa.org/places/599925,http://nomisma.org/id/samos,http://nomisma.org/id/stater,http://nomisma.org/id/tridrachm,http://nomisma.org/id/ar,N,,,,"Psoma 2015, 95",8
Milesian Stater,,Milesian Standard,Milesian Standard (Samos) 550–525 BC,,Silver,550 BC,525 BC,Greece/The Aegean,Samos,14.2,14.2,"37.68825, 26.944483",1080,918,0.4911323329,0.6190155091,https://pleiades.stoa.org/places/599925,http://nomisma.org/id/samos,http://nomisma.org/id/stater,,http://nomisma.org/id/ar,N,,,,"Krayy 1976, 36",5
Samian Stater,,Samian Standard,Samian Standard (Samos) 525–400 BC,,Silver,525 BC,400 BC,Greece/The Aegean,Samos,13,13,"37.68825, 26.944483",1080,918,0.4911323329,0.6190155091,https://pleiades.stoa.org/places/599925,http://nomisma.org/id/samos,http://nomisma.org/id/stater,,http://nomisma.org/id/ar,N,,,,"Kraay 1976, 36",5
Samian Stater,,Samian Standard,Samian Standard (Samos) 325–300 BC,,Silver,325 BC,300 BC,Greece/The Aegean,Samos,13,13,"37.68825, 26.944483",1080,918,0.4911323329,0.6190155091,https://pleiades.stoa.org/places/599925,http://nomisma.org/id/samos,http://nomisma.org/id/stater,,http://nomisma.org/id/ar,N,,,,"Psoma 2015, 95",8
Euboic Stater,Euboic Tetradrachm,Euboic Standard,Euboic Standard (Samos) 600–550 BC,,Silver,600 BC,550 BC,Greece/The Aegean,Samos,17.4,17.4,"37.68825, 26.944483",1080,918,0.4911323329,0.6190155091,https://pleiades.stoa.org/places/599925,http://nomisma.org/id/samos,http://nomisma.org/id/stater,,http://nomisma.org/id/ar,N,,,,"Kraay 1976, 27",5
Persian Daric,,Persian Standard,Persian Standard (Sardis) 500–325 BC,,Gold,500 BC,325 BC,Anatolia,Sardis,8.4,117.6,"38.488314, 28.040286",1108,889,0.5038653934,0.5994605529,https://pleiades.stoa.org/places/550867,http://nomisma.org/id/sardes,http://nomisma.org/id/daric,,http://nomisma.org/id/av,N,,,,Briant 2002,6
Persian Siglos,,Persian Standard,Persian Standard (Sardis) 500–325 BC,,Silver,500 BC,325 BC,Anatolia,Sardis,5.4,5.4,"38.488314, 28.040286",1108,889,0.5038653934,0.5994605529,https://pleiades.stoa.org/places/550867,http://nomisma.org/id/sardes,http://nomisma.org/id/siglos,,http://nomisma.org/id/ar,N,,,,"Kraay 1976, 33",5
Sicilian Heavy Litra,,Sicilian Standard,Sicilian Standard (Sicily) 1500–300 BC,,Bronze,1500 BC,300 BC,Greece/The Aegean,Sicily,216,0.87,"37.5439626559, 14.13095489",730,924,0.3319690769,0.6230613621,https://pleiades.stoa.org/places/462492,,http://nomisma.org/id/litra,,http://nomisma.org/id/ae,N,,,,Castellano 2019,14
Achaean Stater,,Achaean Standard,Achaean Standard (Sybaris) 550–500 BC,,Silver,550 BC,500 BC,Greece/The Aegean,Sybaris,8,8,"39.590607, 16.771002",802,852,0.3647112324,0.5745111261,https://pleiades.stoa.org/places/452458,http://nomisma.org/id/sybaris,http://nomisma.org/id/stater,,,N,,,,"Kraay 1976, 163",5
Euboic Hemiobol,,Euboic Standard,Euboic Standard (Syracuse) 500–450 BC,,Silver,500 BC,450 BC,Greece/The Aegean,Syracuse,0.36,0.36,"37.07164055, 15.2791651",759,938,0.3451568895,0.6325016858,https://pleiades.stoa.org/places/462503,http://nomisma.org/id/syracuse,,,http://nomisma.org/id/ar,N,,,,Macaluso 2008,13
Euboic Obol,,Euboic Standard,Euboic Standard (Syracuse) 500–450 BC,,Silver,500 BC,450 BC,Greece/The Aegean,Syracuse,0.72,0.72,"37.07164055, 15.2791651",759,938,0.3451568895,0.6325016858,https://pleiades.stoa.org/places/462503,http://nomisma.org/id/syracuse,http://nomisma.org/id/obol,http://nomisma.org/id/twentyfourth-stater,http://nomisma.org/id/ar,N,,,,Macaluso 2008,13
Euboic Drachma,,Euboic Standard,Euboic Standard (Syracuse) 500–450 BC,,Silver,500 BC,450 BC,Greece/The Aegean,Syracuse,4.35,8.7,"37.07164055, 15.2791651",759,938,0.3451568895,0.6325016858,https://pleiades.stoa.org/places/462503,http://nomisma.org/id/syracuse,http://nomisma.org/id/drachma,http://nomisma.org/id/quarter-stater,http://nomisma.org/id/ar,N,,,,Macaluso 2008,13
Euboic Half-Stater,,Euboic Standard,Euboic Standard (Syracuse) 550–450 BC,,Silver,550 BC,450 BC,Greece/The Aegean,Syracuse,8.7,17.4,"37.07164055, 15.2791651",759,938,0.3451568895,0.6325016858,https://pleiades.stoa.org/places/462503,http://nomisma.org/id/syracuse,http://nomisma.org/id/half-stater,http://nomisma.org/id/didrachm,http://nomisma.org/id/ar,N,http://nomisma.org/id/10-litra,,,Macaluso 2008,13
Euboic Stater,,Euboic Standard,Euboic Standard (Syracuse) 550–450 BC,,Silver,550 BC,450 BC,Greece/The Aegean,Syracuse,17.4,34.8,"37.07164055, 15.2791651",759,938,0.3451568895,0.6325016858,https://pleiades.stoa.org/places/462503,http://nomisma.org/id/syracuse,http://nomisma.org/id/stater,http://nomisma.org/id/tetradrachm,http://nomisma.org/id/ar,N,,,,Macaluso 2008,13
Sicilian Litra,,Sicilian Standard,Sicilian Standard (Syracuse) 475–450 BC,,Silver,475 BC,450 BC,Greece/The Aegean,Syracuse,0.87,1.74,"37.07164055, 15.2791651",759,938,0.3451568895,0.6325016858,https://pleiades.stoa.org/places/462503,http://nomisma.org/id/syracuse,http://nomisma.org/id/litra,,http://nomisma.org/id/ar,N,,,,Castellano 2019,14
Achaean Stater,,Achaean Standard,Achaean Standard (Taras) 550–300 BC,,Silver,550 BC,300 BC,Greece/The Aegean,Taras,8,8,"40.4737866, 17.2330416",816,819,0.3710777626,0.5522589346,https://pleiades.stoa.org/places/442810,http://nomisma.org/id/taras,http://nomisma.org/id/stater,,,N,,,,"Kraay 1976, 164",5
Monthly mercenary pay (in Cyrus' employment),,,,x,,450 BC,400 BC,Anatolia,Tarsus,,117.6,"36.914956, 34.898228",1301,946,0.5916325603,0.6378961564,https://pleiades.stoa.org/places/648789,,,,,,,"1:14 gold to silver ratio, so 8.4 gram golden daric is equivalent to 117.6 grams of silver",,"Xenophon, Anab. I, 3, 21",15
Chian Eighth Stater,,Chian Standard,Chian Standard (Thasos) 400–300 BC,,Silver,400 BC,300 BC,Greece/The Aegean,Thasos,1.95,1.95,"40.779818, 24.7106185",1020,810,0.4638472033,0.5461901551,https://pleiades.stoa.org/places/501634,http://nomisma.org/id/thasos,http://nomisma.org/id/eighth-stater,http://nomisma.org/id/hemidrachm,http://nomisma.org/id/ar,N,,,,"Kraay 1976, 151",5
Chian Quarter-Stater,,Chian Standard,Chian Standard (Thasos) 400–300 BC,,Silver,400 BC,300 BC,Greece/The Aegean,Thasos,3.9,3.9,"40.779818, 24.7106185",1020,810,0.4638472033,0.5461901551,https://pleiades.stoa.org/places/501634,http://nomisma.org/id/thasos,http://nomisma.org/id/quarter-stater,http://nomisma.org/id/drachma,http://nomisma.org/id/ar,N,,,,"Kraay 1976, 151",5
Parian-Thasian Stater,,Parian-Thasian Standard,Parian-Thasian Standard (Thasos) 500–400 BC,,Silver,500 BC,400 BC,Greece/The Aegean,Thasos,10,10,"40.779818, 24.7106185",1020,810,0.4638472033,0.5461901551,https://pleiades.stoa.org/places/501634,http://nomisma.org/id/thasos,http://nomisma.org/id/stater,,http://nomisma.org/id/ar,N,,,,Kallet-Kroll In press,1
Levantine Shekel,,Levantine Standard,Levantine Standard (Ugarit/Leukos Limen) 1500–300 BC,,Silver,1500 BC,300 BC,The Levant,Ugarit/Leukos Limen,9.4,9.4,"35.610222, 35.780703",1329,988,0.6043656207,0.6662171274,https://pleiades.stoa.org/places/668295,,,,http://nomisma.org/id/ar,N,,,,Parise 1981,31
Mesopotamian Mina,,Mesopotamian Standard,Mespotamian Standard (Ur) 1500–300 BC,,Bronze,1500 BC,500 BC,Southern Mesopotamia,Ur,500,4,"30.961581, 46.104748",1605,1143,0.7298772169,0.7707349966,https://pleiades.stoa.org/places/912985,,,,http://nomisma.org/id/ae,N,,,,Roaf 1982,
Etruscan Libra ,,Etruscan Standard IV,Etruscan Standard IV (Vatl/Vetulonia) 500–400 BC,,Bronze,500 BC,400 BC,Italy/Western Mediterranean,Vatl/Vetulonia,286.63,2.29,"42.8593618667, 10.9719487333",642,732,0.2919508868,0.4935940661,https://pleiades.stoa.org/places/403291,http://nomisma.org/id/vetulonia,,,http://nomisma.org/id/ae,N,,,,Maggiani 2009,30
Etruscan Libra ,,Etruscan Standard V,Etruscan Standard V (Vatl/Vetulonia) 600–400 BC,,Bronze,600 BC,400 BC,Italy/Western Mediterranean,Vatl/Vetulonia,315.29,2.52,"42.8593618667, 10.9719487333",642,732,0.2919508868,0.4935940661,https://pleiades.stoa.org/places/403291,http://nomisma.org/id/vetulonia,,,http://nomisma.org/id/ae,N,,,,Maggiani 2009,30
Etruscan Libra ,,Etruscan Standard I,Etruscan Standard I (Velathri/Volaterrae/Volterra) 400–300 BC,,Bronze,400 BC,300 BC,Italy/Western Mediterranean,Velathri/Volaterrae/Volterra,28.66,0.23,"43.401604, 10.8600625",640,712,0.2910413824,0.4801078894,https://pleiades.stoa.org/places/403292,http://nomisma.org/id/volaterrae,,,http://nomisma.org/id/ae,N,,,,Maggiani 2009,30
Chalcidian Quarter-Hekte,Chalcidian Twenty-Fourth Stater,Chalcidian Standard,Chalcidian Standard (Zancle) 525–500 BC,,Silver,525 BC,500 BC,Greece/The Aegean,Zancle,0.72,1.44,"38.192251, 15.556634",769,899,0.3497044111,0.6062036413,https://pleiades.stoa.org/places/462538,http://nomisma.org/id/zancle,http://nomisma.org/id/twentyfourth-stater,,http://nomisma.org/id/ar,N,,,http://numismatics.org/collection/1958.163.2,Van Alfen 2015,2
Chalcidian Drachm,,Chalcidian Standard,Chalcidian Standard (Zancle) 550–500 BC,,Silver,550 BC,500 BC,Greece/The Aegean,Zancle,5.8,11.6,"38.192251, 15.556634",769,899,0.3497044111,0.6062036413,https://pleiades.stoa.org/places/462538,http://nomisma.org/id/zancle,http://nomisma.org/id/drachma,,http://nomisma.org/id/ar,N,,,https://collections.mfa.org/objects/4210/drachm-of-zankle-with-dolphin;jsessionid=B3AAA49AAC7213FE5632D12CCF36F210,Van Alfen 2015,2
Chalcidian Mina,,Chalcidian Standard,Chalcidian Standard (Zancle) 550–500 BC,,Silver,550 BC,500 BC,Greece/The Aegean,Zancle,435,870,"38.192251, 15.556634",769,899,0.3497044111,0.6062036413,https://pleiades.stoa.org/places/462538,http://nomisma.org/id/zancle,,,http://nomisma.org/id/ar,N,,,,Kroll 2001,3
Chalcidian Talent,,Chalcidian Standard,Chalcidian Standard (Zancle) 550–500 BC,,Silver,550 BC,500 BC,Greece/The Aegean,Zancle,26100,52200,"38.192251, 15.556634",769,899,0.3497044111,0.6062036413,https://pleiades.stoa.org/places/462538,http://nomisma.org/id/zancle,,,http://nomisma.org/id/ar,N,,,,Kroll 2001,3